{
  "epoch": [
    121,
    122
  ],
  "train_d": [
    2.379600867412454,
    2.298913819107348
  ],
  "train_g": [
    5.716042944820504,
    5.753265428907268
  ],
  "val_d": [
    1.9770359793485013,
    2.4171860561236924
  ],
  "val_g": [
    3.2618931974842926,
    3.801771097395279
  ]
}